RINPERSOON;RINPERSOONS;RINPERSOONRELATIE;RINPERSOONSRELATIE;RELATIE
100358083;R;100209510;R;101
100212038;R;100039603;R;101
100017089;R;100094609;R;101
100329843;R;100032329;R;102
100395087;R;100493794;R;102
100441170;R;100358234;R;102
100417891;R;100418916;R;102
100394013;R;100002422;R;102
100122144;R;100311227;R;101
100183561;R;100132703;R;102
100410807;R;100005596;R;102
100071557;R;100263148;R;102
100484084;R;100380628;R;101
100020737;R;100163021;R;101
100080163;R;100292786;R;102
100237998;R;100179897;R;101
100062079;R;100350128;R;101
100146199;R;100412147;R;101
100299381;R;100111715;R;101
100270896;R;100283684;R;101
100324900;R;100056131;R;101
100124834;R;100452381;R;102
100084355;R;100050209;R;102
100383570;R;100061179;R;102
100037073;R;100403956;R;101
100080577;R;100235085;R;101
100449572;R;100494513;R;101
100036950;R;100242035;R;101
100375851;R;100003313;R;101
100427136;R;100204060;R;102
100351014;R;100232156;R;101
100245325;R;100435910;R;102
100411944;R;100211345;R;102
100321859;R;100374456;R;101
100408836;R;100215980;R;101
100091757;R;100339739;R;101
100463773;R;100371365;R;102
100276051;R;100428877;R;101
100297633;R;100366567;R;102
100146660;R;100436114;R;101
100300539;R;100171463;R;102
100074253;R;100392296;R;101
100410191;R;100321508;R;101
100381094;R;100451374;R;102
100133847;R;100377713;R;102
100351243;R;100290036;R;101
100325029;R;100393586;R;102
100348115;R;100473025;R;102
100136253;R;100268864;R;101
100207650;R;100061332;R;101
100071713;R;100291691;R;102
100378624;R;100173058;R;101
100204997;R;100392189;R;101
100441424;R;100098547;R;101
100423358;R;100491292;R;102
100432257;R;100462913;R;101
100057852;R;100414071;R;102
100052513;R;100378275;R;101
100473428;R;100394064;R;102
100192145;R;100351846;R;101
100284715;R;100157866;R;102
100346610;R;100038030;R;101
100418001;R;100231622;R;102
100449129;R;100143388;R;101
100090718;R;100071861;R;102
100258907;R;100079280;R;101
100237728;R;100165736;R;102
100448967;R;100305295;R;101
100156759;R;100166889;R;102
100185252;R;100364411;R;101
100308000;R;100419284;R;102
100229330;R;100461112;R;101
100308758;R;100275697;R;102
100012232;R;100357791;R;101
100319744;R;100429232;R;101
100472884;R;100191278;R;101
100094123;R;100277142;R;101
100027479;R;100193272;R;102
100207925;R;100193562;R;102
100467760;R;100032444;R;101
100353946;R;100473678;R;102
100095868;R;100266898;R;102
100213937;R;100469339;R;101
100364199;R;100237773;R;101
100130061;R;100223283;R;101
100335622;R;100024391;R;102
100052280;R;100448895;R;101
100330033;R;100119792;R;102
100293001;R;100226091;R;101
100413393;R;100255613;R;101
100039920;R;100150879;R;101
100082570;R;100051917;R;101
100480530;R;100208879;R;102
100069658;R;100084402;R;102
100368837;R;100016371;R;101
100378563;R;100008347;R;101
100013704;R;100252541;R;102
100181931;R;100343742;R;102
100243238;R;100474757;R;101
100223970;R;100411016;R;102
100299436;R;100114779;R;102
100361275;R;100378673;R;102
100449202;R;100125798;R;101
100131165;R;100051032;R;102
100279025;R;100138605;R;101
100416973;R;100363781;R;102
100327010;R;100425498;R;101
100278224;R;100269896;R;101
100258375;R;100496920;R;101
100243215;R;100283598;R;101
100419035;R;100325141;R;102
100433660;R;100089381;R;101
100084416;R;100071752;R;101
100383676;R;100022922;R;101
100247507;R;100228878;R;102
100364316;R;100035025;R;102
100057308;R;100348684;R;102
100393316;R;100090791;R;101
100399253;R;100427242;R;101
100025247;R;100005042;R;102
100040831;R;100170404;R;102
100293883;R;100249802;R;102
100076440;R;100434840;R;101
100427922;R;100020028;R;102
100433954;R;100323196;R;101
100027260;R;100317627;R;102
100245594;R;100389216;R;101
100109889;R;100346586;R;101
100069140;R;100106308;R;101
100000612;R;100078196;R;102
100091204;R;100255970;R;102
100187609;R;100331184;R;102
100022893;R;100136551;R;101
100307531;R;100096091;R;101
100073036;R;100096627;R;101
100350836;R;100417021;R;101
100111204;R;100069919;R;101
100216624;R;100002845;R;101
100157224;R;100071696;R;101
100335006;R;100026563;R;101
100306213;R;100437733;R;102
100343665;R;100134481;R;102
100467094;R;100168309;R;101
100239365;R;100234786;R;102
100248268;R;100002881;R;102
100272240;R;100494142;R;101
100042441;R;100165405;R;101
100447678;R;100190637;R;102
100123622;R;100269443;R;102
100329543;R;100264741;R;101
100293154;R;100319329;R;102
100012912;R;100220148;R;102
100276735;R;100407559;R;102
100119444;R;100499147;R;102
100477770;R;100419820;R;101
100243937;R;100065664;R;102
100053630;R;100282495;R;101
100188924;R;100181851;R;102
100281665;R;100471970;R;101
100210265;R;100252966;R;102
100113798;R;100108239;R;102
100059855;R;100420841;R;101
100101419;R;100015766;R;102
100052677;R;100494194;R;101
100381302;R;100093359;R;101
100219887;R;100319755;R;102
100129547;R;100263091;R;102
100008804;R;100264349;R;102
100386677;R;100285329;R;102
100437923;R;100321027;R;102
100075358;R;100407038;R;101
100446339;R;100281525;R;101
100413261;R;100176195;R;101
100001291;R;100239160;R;101
100297444;R;100449911;R;102
100025754;R;100485677;R;102
100489875;R;100290535;R;101
100081776;R;100443163;R;101
100027117;R;100139097;R;101
100153780;R;100382655;R;102
100021863;R;100015165;R;101
100467891;R;100372250;R;101
100365239;R;100038834;R;102
100376526;R;100313637;R;101
100454617;R;100237153;R;102
100228112;R;100431426;R;102
100275740;R;100134776;R;101
100243635;R;100138272;R;102
100322385;R;100418199;R;102
100094010;R;100071366;R;101
100470741;R;100240424;R;101
100377488;R;100271962;R;101
100377156;R;100423323;R;101
100450643;R;100073786;R;101
100437644;R;100326617;R;102
100303952;R;100334532;R;102
100042113;R;100151033;R;101
100040719;R;100275960;R;102
100402319;R;100075802;R;101
100482549;R;100264832;R;102
100183387;R;100097894;R;102
100108541;R;100326595;R;102
100349791;R;100495593;R;102
100409836;R;100039492;R;101
100172405;R;100000359;R;102
100459363;R;100030116;R;102
100266139;R;100346803;R;101
100150055;R;100147699;R;102
100220760;R;100161374;R;102
100332752;R;100410397;R;102
100049811;R;100313077;R;101
100084665;R;100223240;R;102
100385175;R;100316834;R;101
100125603;R;100467130;R;101
100045444;R;100263208;R;102
100046522;R;100450772;R;101
100086107;R;100435063;R;101
100271925;R;100078980;R;102
100027257;R;100428580;R;102
100409514;R;100389456;R;102
100234627;R;100019641;R;102
100013824;R;100367946;R;102
100064570;R;100097749;R;101
100374314;R;100432687;R;101
100378040;R;100160164;R;101
100354792;R;100353589;R;102
100461843;R;100260984;R;102
100254132;R;100203629;R;102
100330617;R;100378735;R;101
100114713;R;100182023;R;102
100445302;R;100407439;R;101
100104489;R;100341994;R;102
100151237;R;100160481;R;102
100063003;R;100374341;R;102
100084917;R;100274073;R;102
100343619;R;100019021;R;101
100113417;R;100316281;R;102
100492967;R;100392110;R;101
100344232;R;100226415;R;101
100006004;R;100415599;R;102
100372912;R;100336673;R;102
100133634;R;100246079;R;101
100388647;R;100496608;R;101
100233746;R;100116044;R;102
100078633;R;100363835;R;102
100476565;R;100261316;R;101
100420957;R;100217720;R;102
100397896;R;100326597;R;101
100382545;R;100109655;R;101
100230108;R;100070848;R;101
100450841;R;100411802;R;102
100193818;R;100472161;R;102
100164426;R;100213170;R;102
100447470;R;100059500;R;101
100273203;R;100223864;R;101
100414482;R;100151695;R;102
100015352;R;100489953;R;101
100483151;R;100481903;R;102
100285905;R;100487006;R;101
100129492;R;100167632;R;102
100221337;R;100159630;R;101
100290580;R;100437489;R;102
100424438;R;100373215;R;102
100084977;R;100400494;R;102
100233344;R;100167607;R;102
100221310;R;100171118;R;102
100427951;R;100103513;R;102
100079403;R;100114981;R;102
100493907;R;100488825;R;101
100354124;R;100220761;R;102
100025274;R;100342230;R;102
100053251;R;100194070;R;102
100023417;R;100022014;R;102
100496296;R;100015708;R;101
100083891;R;100419829;R;102
100242593;R;100133242;R;101
100363867;R;100221238;R;102
100097182;R;100391636;R;102
100492211;R;100362681;R;102
100486474;R;100231702;R;101
100203603;R;100304970;R;101
100170438;R;100459659;R;102
100141485;R;100342903;R;102
100035235;R;100189665;R;101
100459127;R;100325526;R;102
100369378;R;100375769;R;101
100239543;R;100283539;R;102
100247598;R;100364242;R;102
100320956;R;100128641;R;102
100020427;R;100452106;R;102
100040621;R;100259115;R;101
100464286;R;100263821;R;102
100242997;R;100383018;R;102
100087496;R;100105919;R;101
100133245;R;100170177;R;102
100074890;R;100005241;R;102
100217712;R;100475509;R;102
100023842;R;100494488;R;101
100496518;R;100108605;R;102
100364134;R;100234925;R;102
100347515;R;100127482;R;101
100475157;R;100408136;R;102
100068727;R;100232587;R;101
100304805;R;100272744;R;101
100336458;R;100382175;R;101
100467608;R;100069414;R;101
100176590;R;100173275;R;101
100031649;R;100310591;R;102
100304942;R;100031397;R;102
100202327;R;100419114;R;102
100421038;R;100219081;R;102
100117508;R;100376175;R;102
100025353;R;100251099;R;102
100320890;R;100343407;R;101
100327779;R;100418054;R;102
100472699;R;100316916;R;102
100058530;R;100332370;R;101
100465579;R;100077852;R;102
100300516;R;100200049;R;101
100478326;R;100057515;R;101
100201990;R;100077555;R;101
100041574;R;100090006;R;102
100062834;R;100497465;R;102
100490063;R;100208425;R;101
100142398;R;100249069;R;102
100489109;R;100324644;R;102
100036444;R;100098816;R;101
100075881;R;100248710;R;102
100208357;R;100413929;R;102
100438001;R;100461589;R;102
100379203;R;100142930;R;102
100142480;R;100186122;R;101
100167433;R;100016723;R;101
100452484;R;100004081;R;102
100256366;R;100044761;R;102
100452342;R;100250210;R;102
100033394;R;100433697;R;101
100251726;R;100317641;R;102
100023059;R;100492920;R;101
100042756;R;100376144;R;102
100032891;R;100178562;R;102
100362986;R;100249698;R;102
100370904;R;100092787;R;101
100056487;R;100363520;R;102
100427392;R;100033979;R;102
100152943;R;100055006;R;102
100354751;R;100376312;R;102
100036720;R;100042933;R;101
100332132;R;100153800;R;102
100203351;R;100110309;R;101
100464382;R;100239813;R;102
100101670;R;100456292;R;102
100195505;R;100006076;R;101
100282585;R;100221499;R;101
100464993;R;100344314;R;102
100218123;R;100193565;R;102
100433121;R;100008318;R;102
100103521;R;100070731;R;101
100464223;R;100190561;R;102
100257754;R;100238790;R;102
100185757;R;100029987;R;102
100459397;R;100347076;R;102
100088910;R;100234356;R;102
100295537;R;100403679;R;102
100470906;R;100335672;R;101
100036151;R;100015347;R;102
100343292;R;100274223;R;102
100315896;R;100133168;R;101
100201913;R;100315003;R;102
100007228;R;100054334;R;102
100450663;R;100414909;R;101
100481409;R;100331146;R;101
100475584;R;100458804;R;101
100461839;R;100320347;R;102
100193642;R;100452728;R;101
100021922;R;100361473;R;102
100076304;R;100490603;R;101
100172840;R;100365544;R;102
100349079;R;100129727;R;101
100202143;R;100491499;R;101
100154688;R;100381453;R;101
100355398;R;100120363;R;101
100349504;R;100410972;R;101
100288562;R;100139080;R;102
100137106;R;100072120;R;102
100073678;R;100221117;R;102
100005703;R;100258780;R;102
100030955;R;100120457;R;102
100333771;R;100495006;R;102
100041470;R;100055224;R;101
100225820;R;100316890;R;102
100368336;R;100435857;R;102
100138281;R;100248863;R;101
100392212;R;100379058;R;101
100228006;R;100443978;R;101
100349845;R;100303590;R;102
100353663;R;100448496;R;101
100305711;R;100439620;R;102
100435829;R;100468241;R;102
100152315;R;100403741;R;101
100170584;R;100436809;R;102
100255653;R;100298127;R;101
100082457;R;100166640;R;102
100430835;R;100351427;R;102
100477428;R;100247775;R;101
100227838;R;100448383;R;102
100370816;R;100089744;R;102
100113183;R;100386157;R;101
100266062;R;100304304;R;101
100468967;R;100073784;R;101
100469909;R;100268565;R;102
100298367;R;100304698;R;102
100260219;R;100419853;R;102
100293929;R;100230951;R;101
100496814;R;100115917;R;101
100341272;R;100380431;R;102
100434016;R;100405585;R;102
100237507;R;100329766;R;101
100070381;R;100384042;R;102
100361582;R;100492062;R;102
100115616;R;100245735;R;102
100043295;R;100490356;R;101
100169112;R;100168052;R;101
100344271;R;100471016;R;102
100079983;R;100466144;R;102
100385240;R;100332919;R;102
100319512;R;100275810;R;102
100306130;R;100006445;R;101
100394956;R;100393648;R;101
100071892;R;100018500;R;101
100458396;R;100210294;R;102
100279726;R;100049281;R;102
100134958;R;100088418;R;102
100043349;R;100196980;R;102
100263038;R;100363975;R;101
100480285;R;100378860;R;102
100341979;R;100073533;R;101
100063418;R;100228997;R;101
100429952;R;100129508;R;102
100352214;R;100012772;R;101
100400920;R;100091914;R;101
100176264;R;100107662;R;101
100140216;R;100190451;R;101
100497531;R;100390525;R;102
100248558;R;100295992;R;101
100141172;R;100068514;R;102
100236820;R;100337860;R;102
100052548;R;100272544;R;102
100410173;R;100452958;R;101
100179870;R;100019549;R;102
100285458;R;100338097;R;102
100018491;R;100347759;R;101
100217251;R;100044153;R;102
100081858;R;100215128;R;102
100367474;R;100497883;R;102
100035428;R;100165068;R;102
100338617;R;100167246;R;101
100066589;R;100348886;R;102
100330345;R;100379414;R;102
100233709;R;100116364;R;102
100314812;R;100456184;R;102
100281199;R;100093992;R;101
100177571;R;100304488;R;101
100204004;R;100123520;R;102
100187520;R;100221377;R;101
100031075;R;100164986;R;102
100333026;R;100159975;R;102
100157944;R;100387686;R;102
100038111;R;100235331;R;102
100149459;R;100270355;R;102
100191637;R;100478917;R;102
100068219;R;100185150;R;102
100268129;R;100381858;R;102
100156108;R;100404349;R;102
100359119;R;100153699;R;101
100159322;R;100011111;R;102
100251789;R;100278218;R;102
100309417;R;100071685;R;102
100396203;R;100464487;R;102
100490742;R;100219102;R;101
100270436;R;100438335;R;101
100483933;R;100480424;R;101
100168716;R;100187615;R;102
100216800;R;100381031;R;101
100476315;R;100317476;R;101
100442972;R;100050357;R;101
100472173;R;100403566;R;102
100248867;R;100180818;R;102
100056062;R;100420216;R;101
100039308;R;100282572;R;102
100134490;R;100120785;R;102
100001337;R;100058114;R;102
100308922;R;100004090;R;101
100132996;R;100036483;R;101
100037028;R;100053841;R;102
100122426;R;100461968;R;102
100134583;R;100064327;R;101
100106833;R;100207765;R;101
100093708;R;100313759;R;102
100425524;R;100092754;R;102
100061302;R;100056517;R;102
100468528;R;100064427;R;102
100068816;R;100279754;R;101
100222069;R;100310047;R;102
100348172;R;100429946;R;101
100140192;R;100338160;R;101
100458396;R;100395657;R;101
100001608;R;100098773;R;102
100484248;R;100105464;R;102
100048851;R;100058882;R;102
100456582;R;100167889;R;101
100436665;R;100210914;R;101
100002098;R;100217906;R;102
100460820;R;100455634;R;102
100385249;R;100356549;R;102
100482956;R;100383516;R;101
100092311;R;100184382;R;102
100459018;R;100332515;R;102
100491315;R;100425452;R;101
100203040;R;100274964;R;102
100294974;R;100307675;R;101
100321932;R;100248439;R;101
100235866;R;100441827;R;102
100198631;R;100065983;R;101
100123283;R;100360491;R;102
100180351;R;100496532;R;102
100015708;R;100232736;R;102
100222291;R;100324025;R;101
100165862;R;100352045;R;102
100299581;R;100110934;R;102
100106068;R;100295051;R;102
100288847;R;100427385;R;102
100458587;R;100377708;R;102
100315887;R;100122023;R;102
100485942;R;100034162;R;102
100039789;R;100425176;R;102
100055397;R;100328943;R;101
100269152;R;100093571;R;101
100218269;R;100326939;R;101
100184550;R;100192960;R;102
100425174;R;100105782;R;102
100170300;R;100271877;R;102
100374843;R;100328734;R;101
100271838;R;100337667;R;102
100409367;R;100263154;R;102
100027034;R;100190053;R;102
100053977;R;100211601;R;102
100190353;R;100286225;R;101
100131024;R;100476396;R;102
100463130;R;100437745;R;101
100076999;R;100175478;R;102
100300751;R;100147087;R;102
100271625;R;100286582;R;102
100114871;R;100171179;R;102
100411886;R;100074907;R;101
100248582;R;100224806;R;101
100231258;R;100214678;R;102
100422658;R;100135636;R;101
100114550;R;100000603;R;102
100065112;R;100424739;R;102
100489821;R;100024263;R;101
100013195;R;100342984;R;102
100230075;R;100212235;R;102
100077493;R;100431886;R;102
100377045;R;100197707;R;102
100494876;R;100002556;R;101
100484161;R;100414627;R;102
100229455;R;100074296;R;101
100342880;R;100085690;R;101
100174296;R;100278036;R;101
100096204;R;100315869;R;101
100018701;R;100281463;R;102
100070577;R;100132038;R;102
100114233;R;100396491;R;102
100148642;R;100331903;R;101
100304137;R;100105630;R;102
100122579;R;100283851;R;101
100080186;R;100325616;R;101
100497736;R;100018065;R;101
100432020;R;100052199;R;102
100007877;R;100125383;R;101
100031921;R;100044113;R;102
100473998;R;100214299;R;102
100312010;R;100162460;R;101
100273867;R;100331646;R;101
100351285;R;100241911;R;101
100151078;R;100087047;R;102
100047883;R;100203724;R;102
100325504;R;100372709;R;102
100345135;R;100285987;R;102
100210932;R;100054833;R;101
100312768;R;100028070;R;102
100302277;R;100016419;R;102
100237824;R;100245820;R;101
100090928;R;100340123;R;102
100099938;R;100086451;R;101
100328653;R;100230811;R;101
100336803;R;100325602;R;102
100416526;R;100200350;R;102
100340840;R;100312256;R;102
100371938;R;100045610;R;102
100412824;R;100256406;R;102
100120953;R;100012448;R;102
100169286;R;100396652;R;101
100116551;R;100439678;R;101
100165560;R;100098671;R;102
100248082;R;100249872;R;102
100183645;R;100166494;R;102
100122627;R;100265943;R;102
100143651;R;100240478;R;102
100373758;R;100287097;R;102
100030752;R;100313116;R;102
100361071;R;100368099;R;102
100221059;R;100200467;R;101
100219058;R;100204900;R;102
100201816;R;100476642;R;102
100194792;R;100227717;R;102
100383012;R;100006424;R;102
100420029;R;100144223;R;101
100331099;R;100441877;R;101
100185617;R;100276784;R;102
100209781;R;100227123;R;102
100099271;R;100326405;R;102
100447571;R;100279287;R;102
100258249;R;100247100;R;102
100491071;R;100129364;R;102
100025907;R;100268091;R;102
100300152;R;100243662;R;102
100473920;R;100284723;R;101
100208654;R;100162170;R;102
100402716;R;100198929;R;102
100154490;R;100357960;R;102
100158856;R;100000739;R;101
100430428;R;100074140;R;102
100269745;R;100415560;R;101
100224629;R;100344771;R;102
100082357;R;100079717;R;102
100149303;R;100267474;R;102
100009724;R;100286215;R;102
100197549;R;100414746;R;101
100142662;R;100146541;R;102
100014672;R;100153171;R;102
100328583;R;100291377;R;101
100103897;R;100469057;R;102
100095804;R;100178448;R;102
100045463;R;100004966;R;101
100005028;R;100482969;R;102
100082032;R;100078587;R;102
100062729;R;100059707;R;102
100082212;R;100007213;R;101
100154908;R;100456514;R;101
100364909;R;100449443;R;101
100295518;R;100037990;R;101
100140846;R;100294084;R;102
100355443;R;100116844;R;102
100005037;R;100440301;R;101
100450034;R;100289096;R;102
100095597;R;100372559;R;101
100427546;R;100302910;R;101
100129018;R;100039538;R;102
100003466;R;100458414;R;101
100301222;R;100024983;R;101
100290183;R;100312677;R;101
100390322;R;100493085;R;101
100221880;R;100407290;R;102
100445678;R;100088583;R;101
100484230;R;100241699;R;102
100310515;R;100063483;R;102
100022957;R;100367282;R;102
100423065;R;100434699;R;102
100054198;R;100300848;R;101
100393005;R;100438986;R;102
100418545;R;100250498;R;102
100389166;R;100170278;R;102
100490484;R;100098017;R;101
100275054;R;100212051;R;102
100265548;R;100087865;R;102
100430226;R;100180525;R;102
100420940;R;100346028;R;102
100274548;R;100429688;R;102
100169458;R;100421543;R;101
100376860;R;100098410;R;102
100298164;R;100200960;R;102
100047042;R;100314554;R;102
100377116;R;100015424;R;101
100371510;R;100089031;R;102
100344064;R;100367703;R;101
100440163;R;100409711;R;101
100314259;R;100329459;R;102
100375026;R;100051133;R;102
100037734;R;100199146;R;101
100408097;R;100336979;R;101
100424998;R;100449161;R;101
100103069;R;100086891;R;102
100381121;R;100196887;R;101
100440879;R;100066351;R;101
100219724;R;100435855;R;101
100420234;R;100262655;R;101
100226717;R;100026704;R;102
100350621;R;100014609;R;102
100151255;R;100257498;R;101
100359119;R;100364168;R;101
100166116;R;100346361;R;102
100335879;R;100321031;R;102
100303894;R;100161957;R;101
100320667;R;100177837;R;102
100245563;R;100084029;R;102
100306440;R;100154776;R;102
100460161;R;100115989;R;101
100230141;R;100396919;R;101
100201605;R;100428954;R;102
100465770;R;100051851;R;102
100095482;R;100188154;R;102
100071208;R;100210821;R;102
100384238;R;100338220;R;102
100044709;R;100083180;R;101
100126152;R;100206052;R;102
100099415;R;100078869;R;102
100476270;R;100079309;R;102
100046870;R;100460681;R;102
100444930;R;100474333;R;102
100437512;R;100410105;R;101
100416114;R;100442499;R;102
100450957;R;100055499;R;102
100274374;R;100135770;R;102
100456213;R;100283659;R;101
100143252;R;100302583;R;102
100093428;R;100041504;R;102
100212580;R;100139901;R;102
100199206;R;100251936;R;102
100107536;R;100007208;R;102
100481543;R;100360047;R;102
100014707;R;100416373;R;101
100356355;R;100204252;R;101
100165255;R;100460838;R;102
100322171;R;100452624;R;102
100208600;R;100474781;R;101
100059864;R;100095297;R;102
100263758;R;100126652;R;101
100328971;R;100492997;R;101
100371969;R;100439408;R;102
100237285;R;100260909;R;101
100486061;R;100039132;R;101
100341275;R;100119499;R;101
100030391;R;100123031;R;102
100284716;R;100213395;R;101
100296525;R;100134693;R;102
100040580;R;100139216;R;102
100009690;R;100021151;R;101
100116464;R;100413786;R;102
100183286;R;100058531;R;101
100117952;R;100416515;R;101
100211543;R;100486023;R;102
100425446;R;100243368;R;102
100346110;R;100299472;R;101
100475073;R;100497238;R;102
100320290;R;100387183;R;101
100190372;R;100284219;R;102
100134632;R;100158604;R;102
100086904;R;100047708;R;101
100192425;R;100062013;R;102
100453751;R;100139758;R;101
100412556;R;100096873;R;101
100271540;R;100420577;R;101
100341845;R;100160102;R;102
100211113;R;100317042;R;102
100464547;R;100056467;R;101
100220255;R;100324012;R;101
100387455;R;100413418;R;102
100406059;R;100093085;R;101
100251579;R;100005912;R;102
100268665;R;100437520;R;102
100234907;R;100202188;R;101
100223243;R;100076033;R;101
100100796;R;100294087;R;101
100164610;R;100328861;R;102
100130317;R;100383618;R;101
100482284;R;100124610;R;101
100173584;R;100230835;R;102
100370128;R;100072664;R;101
100001913;R;100065775;R;101
100146984;R;100340916;R;102
100421302;R;100284890;R;101
100225273;R;100116564;R;102
100239478;R;100315564;R;101
100035050;R;100327067;R;102
100317414;R;100190423;R;102
100210536;R;100179265;R;102
100033930;R;100359125;R;101
100074498;R;100171993;R;102
100082727;R;100298162;R;102
100133193;R;100462944;R;101
100176425;R;100443947;R;101
100041690;R;100345389;R;101
100247583;R;100388330;R;101
100388490;R;100187307;R;101
100126491;R;100048579;R;101
100082119;R;100047624;R;101
100120062;R;100362699;R;101
100083697;R;100170781;R;101
100153669;R;100400856;R;102
100496172;R;100406405;R;101
100439618;R;100052330;R;102
100011605;R;100449809;R;101
100196555;R;100370238;R;101
100093846;R;100314390;R;101
100369500;R;100390717;R;102
100164273;R;100086416;R;101
100307033;R;100399001;R;101
100496831;R;100207803;R;101
100105101;R;100093513;R;102
100175311;R;100013728;R;101
100183213;R;100397483;R;102
100066275;R;100305154;R;101
100073929;R;100458086;R;101
100318764;R;100327060;R;102
100214797;R;100353663;R;101
100310137;R;100136684;R;102
100457238;R;100120466;R;102
100483832;R;100248076;R;101
100276441;R;100262107;R;102
100087582;R;100099502;R;101
100298805;R;100205774;R;102
100255352;R;100443522;R;102
100482452;R;100096376;R;102
100122741;R;100214656;R;102
100284180;R;100424534;R;102
100065599;R;100315347;R;101
100200596;R;100398199;R;101
100079073;R;100458026;R;102
100412556;R;100005393;R;101
100217895;R;100146992;R;101
100254789;R;100101041;R;102
100489916;R;100279873;R;101
100056132;R;100472608;R;102
100328416;R;100386374;R;101
100383828;R;100391247;R;102
100189575;R;100134257;R;102
100366694;R;100198481;R;102
100221779;R;100297207;R;102
100461056;R;100413177;R;102
100274053;R;100097469;R;101
100390233;R;100419936;R;101
100121550;R;100140892;R;102
100071712;R;100048223;R;102
100337721;R;100045639;R;102
100330884;R;100128005;R;101
100328084;R;100479950;R;101
100009630;R;100008527;R;101
100324982;R;100140061;R;101
100359398;R;100029951;R;101
100318255;R;100483171;R;101
100332382;R;100293375;R;102
100038406;R;100349535;R;101
100379713;R;100124491;R;102
100129858;R;100449464;R;102
100352430;R;100347057;R;101
100435945;R;100363787;R;101
100095219;R;100468256;R;102
100089208;R;100395289;R;102
100061761;R;100470988;R;101
100466597;R;100410548;R;101
100261291;R;100146524;R;102
100458310;R;100225326;R;101
100309498;R;100029785;R;101
100435006;R;100486539;R;102
100124488;R;100211549;R;102
100085125;R;100101836;R;101
100376367;R;100035569;R;101
100071818;R;100353802;R;101
100429531;R;100353657;R;102
100289486;R;100117811;R;101
100172479;R;100408384;R;102
100151171;R;100463108;R;102
100467368;R;100254867;R;102
100203911;R;100005000;R;101
100453494;R;100358151;R;102
100094617;R;100338655;R;102
100010738;R;100016243;R;102
100010825;R;100252249;R;102
100313095;R;100095832;R;101
100436785;R;100005774;R;101
100103709;R;100036342;R;102
100119299;R;100080303;R;101
100481770;R;100023723;R;102
100136234;R;100415829;R;101
100232279;R;100130518;R;101
100273780;R;100398262;R;101
100129900;R;100489853;R;101
100242521;R;100074518;R;102
100042506;R;100331076;R;101
100256344;R;100253468;R;102
100447762;R;100059202;R;102
100030105;R;100128110;R;101
100335399;R;100263332;R;101
100458435;R;100423053;R;102
100059530;R;100427742;R;101
100497371;R;100058883;R;101
100389062;R;100465744;R;102
100290050;R;100102185;R;102
100251401;R;100190819;R;101
100397701;R;100269975;R;101
100188597;R;100461544;R;101
100166123;R;100235316;R;101
100352781;R;100017194;R;101
100491067;R;100282891;R;101
100143455;R;100011063;R;102
100297764;R;100433510;R;102
100422483;R;100044759;R;101
100099128;R;100209886;R;102
100321397;R;100295404;R;102
100067674;R;100156678;R;101
100205237;R;100436682;R;101
100130923;R;100167964;R;102
100149201;R;100037330;R;102
100202664;R;100256387;R;102
100322277;R;100060177;R;102
100149085;R;100499581;R;102
100009425;R;100275537;R;101
100034088;R;100297580;R;102
100171614;R;100411485;R;102
100097552;R;100420797;R;102
100400227;R;100444670;R;102
100353381;R;100236246;R;101
100302987;R;100307126;R;102
100086465;R;100435355;R;102
100413348;R;100180619;R;101
100359764;R;100159673;R;102
100478232;R;100173991;R;101
100384851;R;100446621;R;101
100050863;R;100493647;R;101
100030306;R;100449761;R;102
100486596;R;100081212;R;102
100004207;R;100307757;R;102
100177689;R;100235592;R;102
100185091;R;100137502;R;101
100397255;R;100004868;R;101
100402851;R;100238749;R;102
100237963;R;100282462;R;102
100294358;R;100289347;R;102
100167148;R;100327735;R;102
100182045;R;100209457;R;101
100258901;R;100238023;R;101
100003467;R;100344814;R;102
100393347;R;100070406;R;102
100484633;R;100194366;R;102
100187564;R;100128590;R;101
100426579;R;100186769;R;101
100303766;R;100075501;R;101
100195871;R;100454064;R;101
100327161;R;100015199;R;102
100136202;R;100359629;R;102
100316916;R;100090503;R;102
100347542;R;100274295;R;102
100355628;R;100314041;R;101
100485425;R;100358175;R;102
100416505;R;100037970;R;101
100179047;R;100092363;R;102
100316799;R;100098384;R;101
100461484;R;100280202;R;101
100439107;R;100122469;R;102
100086293;R;100487874;R;102
100374564;R;100466236;R;102
100314764;R;100407488;R;101
100370775;R;100428565;R;101
100363345;R;100374682;R;102
100395712;R;100090557;R;101
100303648;R;100023325;R;101
100437106;R;100217041;R;101
100485504;R;100487368;R;102
100061713;R;100414443;R;101
100159719;R;100210085;R;102
100012372;R;100141778;R;102
100373510;R;100336606;R;102
100498628;R;100082293;R;102
100009359;R;100057329;R;101
100378516;R;100127500;R;102
100175331;R;100093894;R;101
100101261;R;100472996;R;101
100108101;R;100187678;R;102
100093790;R;100021262;R;101
100441898;R;100135030;R;101
100395634;R;100354545;R;102
100450110;R;100151396;R;101
100096990;R;100408187;R;102
100360755;R;100147210;R;101
100079904;R;100448800;R;102
100368915;R;100259137;R;101
100374131;R;100408145;R;101
100352893;R;100416530;R;101
100008286;R;100494524;R;102
100104299;R;100395730;R;102
100465346;R;100204428;R;102
100446222;R;100244867;R;101
100240214;R;100164202;R;101
100148412;R;100439896;R;101
100124349;R;100334995;R;101
100060155;R;100245820;R;101
100262613;R;100351527;R;102
100277259;R;100059600;R;101
